"symbol";"log2FoldChange";"lfcSE";"stat";"pvalue";"padj"
"ADM5";1.14702405638592;-0.305850664463645;3.75027485520556;0.000176640844740884;0.000333971281345072
"CPT1C";-2.11173544931619;-0.383735371034831;-5.50310346325752;3.73163276599877e-08;1.04557269717447e-07
"FAR2P1";-1.54609709312441;-0.387325836112936;-3.99172208247322;6.55952193985986e-05;0.000130306263604843
"CTF1";-1.68989120317213;-0.522176577530962;-3.23624474150592;0.00121113493667977;0.0020646168772288
"PLCXD3";-2.34770690995933;-0.51388647702392;-4.56853218546565;4.91151656606942e-06;1.10878869008556e-05
"SLC34A2";-2.3422548982032;-0.439250510199405;-5.33238970431677;9.69286435332525e-08;2.60333426860416e-07
"GATA2";0.639575539882067;-0.187865584276644;3.4044316437451;0.000663018922687049;0.00116812458198557
"BNIP3P1";2.39522504505899;-1.02533473230388;2.33604204519342;0.0194890503192813;0.0279203800810374
"ZNF835";-1.78038064831483;-0.56332973631143;-3.16045920098662;0.00157520664097474;0.00264652519831701
"KLF4";-0.506118494633498;-0.155871474507068;-3.24702448754052;0.00116618355576728;0.00199192699872167
"CISD2";0.97006728153908;-0.166665863975709;5.82043172128194;5.86958176210075e-09;1.78373631166555e-08
"UBE2D3";0.452703954115195;-0.121900277160754;3.71372374747106;0.000204231731079636;0.000383699219226294
"KRTCAP2";1.78361066402306;-0.392496332540023;4.54427345213777;5.51250581755114e-06;1.23814169352656e-05
"PTPN3";-1.65779364163521;-0.319743347645571;-5.18476351061678;2.16289138096896e-07;5.60654481089112e-07
"MAP2K2";0.985153850138833;-0.162130256944884;6.07631091631302;1.22978858467801e-09;3.96582093989208e-09
"CREB3L1";-2.52934489102426;-0.637631283707277;-3.96678292871438;7.28492849472716e-05;0.000143838339670881
"MN1";-1.02216153562576;-0.275647255703057;-3.70822315287944;0.00020871868585066;0.000391529188438091
"RPL41";2.24155171087688;-0.233734570749089;9.59015905817012;8.79493235191907e-22;7.10309220347263e-21
"TNR";-2.70344501966915;-0.447422946651651;-6.04225831486905;1.51971895387499e-09;4.8571851569354e-09
"HYDIN";-2.92510593513047;-0.841981463331631;-3.47407402955896;0.000512619581570849;0.000915684185748072
"DLEU1";-0.815610441425843;-0.169331743368173;-4.8166423211771;1.45994045282601e-06;3.48088401936931e-06
"CAMTA1";1.37979865417254;-0.261227847661304;5.28197382677792;1.27799459477714e-07;3.39074639140517e-07
"AIRE";-2.09715541737692;-0.827096954273569;-2.53556177004525;0.0112267127042196;0.0167097287146189
"NMI";1.3195083938754;-0.127827166440127;10.3225975402768;5.56956213659358e-25;5.47837763384387e-24
"POLR2F";2.11596226416847;-0.19889918912622;10.6383654627455;1.97564640784283e-26;2.09895693225101e-25
"PPP1R3G";2.02932170566098;-0.5121633612823;3.96225473954282;7.42452609655218e-05;0.000146426974131133
"C9orf47";-1.33758581240385;-0.526249991812508;-2.54173079945701;0.0110305093587361;0.0164318853453725
"SOD1";1.93450520102688;-0.101633920083407;19.0340508310543;8.90920264267572e-81;7.87801954705936e-79
"DGAT2";0.604187665978139;-0.272751175167997;2.2151606335188;0.0267490408632904;0.0374530013484138
"SARS2";1.10394946435364;-0.171229440599232;6.44719424703064;1.13939719437032e-10;4.02677307286893e-10
"FBXO17";-0.859416082026868;-0.354459675864585;-2.42458068024413;0.0153260774419731;0.0223330983970204
"PTPN2";-0.577195435630281;-0.142868590707525;-4.04004430065312;5.34411060997027e-05;0.000107299137456587
"ZNF404";1.25824001277412;-0.429156284052143;2.93189231879275;0.00336903539548425;0.00539690424789436
"FGD5P1";-2.23079358717602;-0.361138544114258;-6.17711297653744;6.52843586698911e-10;2.15074168235562e-09
"RUFY1";0.562308034249184;-0.212005439340518;2.65232833647263;0.0079938764933365;0.0121657910304149
"PNMAL2";3.11982111489524;-0.610610700319764;5.10934563259612;3.23276492349894e-07;8.24350274710031e-07
"TRIM46";-0.91574459372268;-0.248540618125385;-3.68448666712779;0.000229164020316028;0.000427834040960293
"SCAF4";-1.37481856134032;-0.262333385259961;-5.24073045440989;1.59942201616256e-07;4.19833061724631e-07
"DEGS2";2.13179347680133;-0.440670592226889;4.83761229908377;1.31408143367613e-06;3.14747967229857e-06
"CDKN2C";3.44898762027905;-0.263191106308839;13.1044991171999;3.10304029415732e-39;6.36215502879367e-38
"PPM1J";0.862625094428091;-0.323252997407069;2.66857570184197;0.00761736104867238;0.0116297287552911
"C10orf53";-1.30460497590724;-0.410953823667467;-3.17457802014002;0.00150054544607336;0.00252724214950604
"SMIM12";1.11361648390223;-0.0985149726612139;11.3040328167362;1.25327417088924e-29;1.56709256915468e-28
"C19orf57";1.61220727312399;-0.481858630716541;3.34580968431878;0.000820426860783344;0.00142952913909531
"GPER1";1.97473156118218;-0.530242295706843;3.72420604159793;0.00019593086144552;0.000368824873788767
"SGK1";-0.667477219007419;-0.165772265616748;-4.02647099334802;5.66202204838927e-05;0.000113325880650466
"CLIP3";1.60836164448792;-0.482060200218507;3.33643317527331;0.000848608268950255;0.0014760972845263
"PTPRN2";-0.934677008136282;-0.32913637298731;-2.83978643761843;0.00451437454316138;0.00711159674853275
"DAW1";-2.59145022448002;-0.360579557475366;-7.1869027812456;6.627756715393e-13;2.84002010545531e-12
"C2CD4A";-2.34389626291494;-0.47105655988169;-4.97582766601026;6.49694307838424e-07;1.60267223892102e-06
"NRXN2";1.06640609748617;-0.505865399990561;2.10808269849267;0.0350238367257146;0.0481630127331922
"PIK3R5";-2.01102229944688;-0.190375723848144;-10.563438755726;4.40232925724604e-26;4.61735786999352e-25
"CLMP";-1.77014051760383;-0.551462703287063;-3.20990070054181;0.00132780833895361;0.00225348417210405
"LDLRAD4";-0.51977254495054;-0.11021714354355;-4.71589562421532;2.40649786888844e-06;5.61125662653731e-06
"CNTNAP3";-2.70632733769626;-0.493186376310369;-5.4874332862616;4.07815958076012e-08;1.13730722385649e-07
"SHROOM3";-1.7173472649203;-0.649250792832337;-2.64512155222548;0.0081661576662405;0.012408270764803
"PRDM16";-2.51759334389897;-0.615553073674009;-4.08996957625828;4.3142977626017e-05;8.76637241580734e-05
"ZNF483";-2.45156168951955;-0.226734641235658;-10.8124708079852;3.00466327562003e-27;3.33608556738675e-26
"IRF6";-2.45717810928084;-0.259239263348505;-9.4784180356876;2.58167149350827e-21;2.02897728179412e-20
"ZFYVE28";-2.10371721077666;-0.440163797889522;-4.77939626308085;1.75822360785666e-06;4.15700667355991e-06
"MAD1L1";-0.656651330657723;-0.140527665976833;-4.67275483509403;2.97186431722034e-06;6.8541156742826e-06
"ARSA";-0.759443099927196;-0.266991587493786;-2.84444580091825;0.00444887539622505;0.0070165515830155
"SORCS2";1.76836940977044;-0.795491982106863;2.22298835129288;0.0262165854627288;0.0367881333930528
"PRKAG2";-1.25241650544648;-0.134249938532328;-9.32899127655762;1.06883253560077e-20;8.03044854525671e-20
"C1orf51";-1.12348707573153;-0.209579462274112;-5.36067352946115;8.29122388098519e-08;2.24647349748315e-07
"GALM";-1.86648933508678;-0.299635023025719;-6.22920951042019;4.68794521951851e-10;1.56473556756016e-09
"SNUPN";-0.603027106108119;-0.278922054553536;-2.16199148207685;0.03061883275863;0.0424747009860867
"RP11-923I11.7";-3.31071948577147;-1.17229089919399;-2.82414500364009;0.0047406931977414;0.00744275451230583
"MACROD1";2.73984781431078;-0.364671216328264;7.51320008718338;5.76992360170618e-14;2.68024764720419e-13
"LURAP1";-1.3425435427095;-0.294158644380833;-4.56401186351461;5.01852409807982e-06;1.13190858107509e-05
"CPNE7";2.34114766927907;-0.716973491714157;3.26531970335723;0.00109340589280279;0.0018752335199521
"GULP1";-1.93682920632879;-0.389593776972265;-4.97140693925065;6.64687677864053e-07;1.63713427962307e-06
"C8orf82";1.17887447751843;-0.275012658394493;4.28661896656183;1.81413068069008e-05;3.84855503532714e-05
"GAREML";-1.37439355709747;-0.40508852477656;-3.39282273635266;0.000691763883154878;0.00121615871097467
"ZNF300";-2.12708116137621;-0.415267419519853;-5.12219611120859;3.01997556833749e-07;7.73061738789241e-07
"EPCAM";4.47487543775018;-0.9821966682267;4.55598718923504;5.21401142498438e-06;1.17431033177907e-05
"NINJ2";2.2201842850645;-0.205109126830561;10.8244051319012;2.63786455728124e-27;2.94018736659344e-26
"LEPREL4";-1.83528078111812;-0.28478574073292;-6.44442652358532;1.16038332722169e-10;4.09674236512769e-10
"CEACAM21";1.00774205278582;-0.326679853709877;3.08480012263258;0.00203688988550508;0.00336386287671335
"GPM6A";-1.96469481181391;-0.631385141186339;-3.11172164761805;0.0018599978665718;0.00308888984044087
"NPR2";2.29771759818307;-0.745845625940853;3.08068790412841;0.00206522997115921;0.00340870684337114
"PLA2G4C";-2.80707259212115;-0.191598877135748;-14.6507778859911;1.3318214979881e-48;4.01478987584071e-47
"ATP8A2";3.3211710415823;-0.793819052884113;4.18378852147197;2.8669082599336e-05;5.9473170267126e-05
"CCDC36";-2.812853977069;-0.552440518800421;-5.09168658225302;3.54892398434736e-07;9.01105820381411e-07
"ZNF33A";0.619408448419029;-0.209740605171677;2.95321188718813;0.00314486019821309;0.0050650872779552
"TNFRSF12A";-0.935034818266159;-0.280821254960549;-3.32964404135833;0.000869570735661318;0.00151042693613459
"HPCAL4";-3.63151151457711;-0.670434558484637;-5.41665322680457;6.07249520124575e-08;1.66546897972134e-07
"UNC119";-0.760469366864336;-0.231436437205206;-3.28586706591087;0.00101668978845826;0.00175150185057307
"YPEL1";-0.461545868990124;-0.185821371280352;-2.48381478303581;0.0129983395560527;0.0191761095965963
"GRK5";-0.983970783854332;-0.244211132789553;-4.02918070365882;5.5971582300515e-05;0.000112066650442148
"TTC22";-2.15506946717686;-0.426199591091099;-5.05647943410678;4.27066901057731e-07;1.07596647792789e-06
"ZNF662";-1.36936802512561;-0.198430629533581;-6.90099118439714;5.1640937961506e-12;2.0498266419665e-11
"SLC40A1";4.174636816622;-0.187867033867005;22.2212313181955;2.14118606096074e-109;3.96994314506946e-107
"ZNF621";-0.691070861334986;-0.113132870062967;-6.10848872613547;1.00578963009945e-09;3.27038102806051e-09
"EFCAB13";-1.57283967471603;-0.230397726102698;-6.82662846253504;8.69334511646114e-12;3.37231383224161e-11
"PRSS57";5.19872689515249;-0.260373994363102;19.9663830017627;1.07996523264786e-88;1.12859639433619e-86
"DUOX2";-2.94780553658831;-0.774924484843032;-3.80399070392699;0.000142383525471221;0.000272065506394089
"SLC46A2";-3.31969240816141;-0.51746293027479;-6.41532410137774;1.40523581829518e-10;4.9188959023272e-10
"IQCE";-1.2907584406718;-0.191169441127787;-6.75190779999713;1.45913595879028e-11;5.55283189967355e-11
"TRIM15";5.17739545720395;-1.44472645594455;3.5836510336616;0.000338824696402846;0.000619746922676808
"CRYL1";0.382002956652275;-0.159484943014815;2.39522897541989;0.0166099888461092;0.0240738032843121
"SORT1";-0.508254814226083;-0.200702004924261;-2.53238533624954;0.0113289415964794;0.0168517028940729
"WDR34";2.81955274050262;-0.183144999478611;15.3951936909525;1.76295826623485e-53;6.52332390229346e-52
"NDUFB7";2.14331012108326;-0.304090291546334;7.04826882234315;1.81157407752945e-12;7.44979056018131e-12
"GOLGA8A";-2.5061799680456;-0.176795754248781;-14.1755664817549;1.29791545380236e-45;3.49686815154909e-44
"DFNB31";-1.2320775183269;-0.281729096683081;-4.37327039639386;1.22398966770463e-05;2.64178919016534e-05
"RHOB";0.610903813015815;-0.194148019222294;3.14658792535167;0.00165187586718801;0.00276724915747818
"ZKSCAN4";2.14450136570782;-0.3142659761775;6.82384199458037;8.86373706715246e-12;3.43377708939362e-11
"AC011484.1";3.16734870070679;-0.444382135689433;7.12753381904707;1.02183172078539e-12;4.30267261575153e-12
"FAM83H";-1.19144513302671;-0.465194760037443;-2.56117487851928;0.0104318830581613;0.0155953667046883
"COL18A1";1.13364495442698;-0.249680781255374;4.54037731189042;5.6153647094896e-06;1.26058760168896e-05
"LYPD5";-2.76549571156807;-0.32707170756206;-8.4553192698373;2.7832474251493e-17;1.67334502621511e-16
"THBS4";3.68273796364933;-0.529080798917659;6.96063431366836;3.38744025290771e-12;1.36375513147064e-11
"ITGA2B";1.7103056228396;-0.269056394706414;6.35668081669584;2.06159739285973e-10;7.12815797976345e-10
"KIAA1522";-0.574481377480292;-0.230536014294329;-2.4919376663936;0.0127048331917772;0.0187655849516717
"TMPRSS3";-2.29600067601228;-0.357004821184972;-6.43128758987452;1.26527504986815e-10;4.4488453680417e-10
"DUSP27";1.16173595950019;-0.23590613486475;4.92456866442341;8.45466378531357e-07;2.06258867643127e-06
"RTN4R";3.6328801026294;-0.536592161479496;6.77028172124766;1.28531866851796e-11;4.91195695949805e-11
"EFCAB10";-1.99977652641074;-0.861477406910827;-2.32133368834563;0.0202688413912709;0.0289605263597684
"DTX2";-1.24497541971139;-0.13011110229849;-9.56855639309916;1.08408759739055e-21;8.71871382546888e-21
"ELN";-2.01936457873993;-0.354947580936475;-5.68919098817958;1.27642645111677e-08;3.7552331166365e-08
"WFDC1";1.42729874546727;-0.189555253902106;7.52972400440233;5.08476846095347e-14;2.37541757172096e-13
"KCNK3";-1.92301178294048;-0.317327798888143;-6.06001677028723;1.36107357032084e-09;4.37038949218663e-09
"NEURL1";-1.98761134559392;-0.607797660831424;-3.27018590837452;0.00107476824423662;0.00184528814451578
"FCHO1";-0.766217854900604;-0.229844158814909;-3.33364075402773;0.000857172895139038;0.00149039348904734
"PLEKHA7";1.50238388207864;-0.700005566786053;2.14624562055493;0.0318533876034917;0.0440596793235206
"APOBEC3G";0.730435891446385;-0.131641695904149;5.54866667760214;2.87856377837683e-08;8.18655372431992e-08
"SARM1";-2.18119307410073;-0.250935581270642;-8.69224309703709;3.55352706056475e-18;2.25934613220199e-17
"SLC9A3";2.48522057741317;-0.447549193406893;5.55295510309123;2.80880236000924e-08;7.99474729178597e-08
"SPNS2";1.66732015976107;-0.210848891975088;7.90765435920845;2.62283820031937e-15;1.35690366300951e-14
"GPN3";1.92926593204359;-0.309409012325832;6.23532558906824;4.50839403867624e-10;1.50713917039345e-09
"CHFR";-1.1953104661333;-0.0988100767540714;-12.0970502746224;1.09474550336747e-33;1.7238992433393e-32
"SIAH3";-2.77704585412203;-0.450966078891084;-6.15799277176395;7.36727175958344e-10;2.41739042722164e-09
"RAB3C";2.76663118281069;-0.886973102254503;3.1191827303201;0.00181353453250292;0.00301608564274188
"NFATC1";-2.09571994316973;-0.28661296052188;-7.31202084983781;2.63154264748181e-13;1.16288287725599e-12
"CDC42BPB";-1.62026700839835;-0.424412822472592;-3.81766742804521;0.000134719359867764;0.00025833695754002
"TTLL3";-1.51575167540978;-0.103400568307872;-14.6590265432263;1.17951879103457e-48;3.56189886406464e-47
"TDRD12";-1.3011674888216;-0.255344343426608;-5.09573649198767;3.47388053068852e-07;8.82961703871789e-07
"FAM216A";1.57922913768916;-0.315012543328297;5.01322620681593;5.3524909613521e-07;1.33198155067967e-06
"ATP6V0D2";-2.32970182766793;-0.440378277735849;-5.29022875434684;1.22163470831315e-07;3.2472093842213e-07
"BRF1";-0.927424935466956;-0.204793578747297;-4.52858405590609;5.93802591282602e-06;1.33007769310027e-05
"CPM";0.910069634221389;-0.282255156578595;3.22427992194353;0.00126289886158981;0.00214776260680472
"CRISPLD2";-0.381427616094711;-0.165487674750023;-2.30487023683713;0.0211738419637805;0.030166120547093
"IGF2BP2";-0.670768953024915;-0.25145789855639;-2.66751991834726;0.00764133595688625;0.0116611696525878
"NIPA1";-1.49577382773881;-0.160659600083478;-9.3102050979936;1.27585739816052e-20;9.53602475790284e-20
"CNTNAP3B";-2.04662829599474;-0.301092610145978;-6.79733818442931;1.0656973846287e-11;4.10083017254023e-11
"RASGEF1A";1.65102737131011;-0.280684305706991;5.88215065018148;4.04969471781015e-09;1.24627674494379e-08
"MAGI1";-1.75149230203703;-0.823187282021774;-2.12769601801344;0.0333622952890747;0.0460102421554438
"TRIM2";-1.10454489872056;-0.183799848180559;-6.00949842806991;1.86098168199979e-09;5.90847121022325e-09
"MIB1";1.32949012777459;-0.153052231972729;8.68651251039244;3.73735806194648e-18;2.37272699050601e-17
"VWA3B";-2.17193406948824;-0.751948673580115;-2.88840734188334;0.00387198087588942;0.00615171530848256
"TEAD4";2.55133096702197;-0.594374114748857;4.29246648485019;1.76699228557414e-05;3.75548477507149e-05
"RP11-192H23.4";-1.10360171792123;-0.290021684279846;-3.80523863469585;0.000141667539564463;0.000270817448415747
"MYH14";-2.73976686452485;-0.521265279964194;-5.25599338730761;1.47227580140061e-07;3.88290786839258e-07
"ARHGEF10";-0.728607336878172;-0.205504957597156;-3.54544895362785;0.000391944894287846;0.000710503134167927
"ASB18";-2.41933831851121;-0.243591887518527;-9.93193305063247;3.02336663430826e-23;2.65572648371764e-22
"PRKAR1B";1.80188702183219;-0.251096767831565;7.17606617318505;7.17458382878208e-13;3.06443767549392e-12
"PEX5L";-2.39576535258751;-0.447831674829268;-5.3497005398309;8.80998884763536e-08;2.3758310556737e-07
"NDUFA12";1.68244207397961;-0.197877982587619;8.50242180549137;1.85675727179619e-17;1.13091012495873e-16
"PGM5";-3.53288738211655;-0.621753435340241;-5.68213568483663;1.33023057718353e-08;3.90634456529385e-08
"COL4A4";-3.95197636886616;-0.921567621871542;-4.28831946248327;1.80030040608891e-05;3.82344868853198e-05
"TBC1D22A";-0.559047570427938;-0.10835653392151;-5.15933419236993;2.47829592838767e-07;6.38667713244487e-07
"PTPRM";1.98228915490329;-0.359577754401941;5.51282478027676;3.53119743986003e-08;9.94259266092528e-08
"WWOX";0.65584459939554;-0.200894332592219;3.26462469564431;0.0010960920457887;0.00187946650214147
"GMDS";0.817231815256806;-0.278815154801711;2.93108821806336;0.0033777684552898;0.00540934425478314
"ADCY2";-2.33323605554469;-0.220793833554433;-10.5674874066149;4.21639832483892e-26;4.42503690293351e-25
"SDK1";-2.12711943801147;-0.994086127621331;-2.13977378710764;0.0323730525891594;0.0447605280887559
"NRXN1";-2.72260040541165;-0.576263994395606;-4.724571432347;2.30601149427894e-06;5.38642050878512e-06
"DHH";-3.45129337553536;-1.32581172832773;-2.60315495918002;0.00923701932705798;0.0139347265316239
"TFAP2E";1.59170915411933;-0.317830686587061;5.00804114043066;5.49867831476293e-07;1.3659949601132e-06
"TRIP10";-1.47591082999677;-0.427627595618274;-3.45139285939407;0.0005577011331553;0.000992306329480636
"NIF3L1";2.11448904438787;-0.214215638046817;9.87084352789289;5.56942600357925e-23;4.82338586538006e-22
"FRRS1L";-2.54388181421904;-0.228372749606366;-11.1391653277539;8.08737300413738e-29;9.77228960829298e-28
"MEIS1";1.15271596581809;-0.228357567361307;5.04785533992953;4.46797239729446e-07;1.12272293859732e-06
"KLF11";-2.91042117712787;-0.143409379879474;-20.2944966331622;1.43819975171315e-91;1.69855330950615e-89
"PUS3";-0.940030088823341;-0.374901689335189;-2.50740424907205;0.0121621528112384;0.0180118526946822
"BACH2";-4.26547340725434;-0.465521231020506;-9.16279027253742;5.0572431810581e-20;3.63644888119203e-19
"DDX25";-1.59418017524078;-0.457272736978463;-3.48627863925301;0.00048979055201081;0.00087708572939271
"VWA2";-1.99017521253047;-0.642560838382326;-3.09725568950143;0.0019532132221142;0.00323341547512627
"TF";-1.29485937774538;-0.375050202518127;-3.45249614332044;0.000555425416127654;0.000988612155982462
"ZNF420";0.641141248352801;-0.245315156708616;2.61354111566105;0.00896093010535998;0.013538361325394
"CDPF1";2.13889816458885;-0.441747364964678;4.8419036178289;1.28601141802106e-06;3.08281591560366e-06
"AGBL4";-2.33579596366434;-0.283686839326399;-8.23371281237641;1.8149850716757e-16;1.0237418250214e-15
"PRDX1";2.3443955697528;-0.152415596126089;15.3815989264862;2.17509205649336e-53;8.0139128910502e-52
"ZNF573";0.902032447716642;-0.248278017371855;3.63315470803699;0.000279977032714011;0.000517321471826799
"CYB5A";2.09824253601629;-0.224093295161852;9.36325441821376;7.73177141446187e-21;5.86791084945273e-20
"SCUBE1";-2.05179911902169;-0.673449231159812;-3.04670199932976;0.00231366962294912;0.00379334461429226
"LTK";1.54325843229849;-0.280797951257019;5.49597468710132;3.88558245723115e-08;1.08694189341396e-07
"LAMC2";-2.12306231419771;-0.399885448247776;-5.30917622409262;1.10121820400409e-07;2.93709288347139e-07
"SLC22A18AS";-3.07486171950439;-0.951924053575669;-3.23015445187505;0.00123723360679612;0.00210723222856434
"COCH";3.52431214278958;-0.338364456789681;10.4157279881799;2.10183320899974e-25;2.12562522127757e-24
"PER3";-1.89401049703999;-0.776980365825173;-2.43765554491008;0.0147828528091928;0.0216017568634671
"ALDH1L2";-2.50246846199551;-0.36319582857543;-6.89013547267596;5.5739280737758e-12;2.20539792969519e-11
"ESYT3";-2.78067233409072;-0.302781313478586;-9.18376468529121;4.16277658957058e-20;3.01211736189532e-19
"DPYSL3";-4.30188840818032;-0.32173213243071;-13.3710250688336;8.93016179044898e-41;1.97161049619349e-39
"FAM118A";-1.14885172549812;-0.152216896123652;-7.54746519443454;4.43811094552055e-14;2.09095020784541e-13
"LOX";4.62520792767226;-1.42244730455815;3.25158472503764;0.00114763565343473;0.00196102284928897
"FBXL2";-1.69015139804654;-0.305854557622238;-5.52599709870613;3.2761954441426e-08;9.25482274628946e-08
"HIGD1A";1.40036067308999;-0.178943472838378;7.82571529923753;5.04778511631438e-15;2.5524621337422e-14
"ACADM";1.71341064402514;-0.142913076885432;11.9891802861309;4.04892010837196e-33;6.12416924812787e-32
"SHKBP1";-0.851526055628742;-0.205305821756032;-4.14759819446631;3.35981382983791e-05;6.91823141484297e-05
"CTIF";-1.60369617853308;-0.156734189149747;-10.231948672034;1.42620244390595e-24;1.3669821423163e-23
"OSBPL3";-1.11355839970978;-0.19187419323441;-5.80358609429756;6.49113984125883e-09;1.96535073367561e-08
"SLK";0.357334520650522;-0.147789140294652;2.41786723935259;0.015611771624176;0.022718691713703
"SLC15A4";-0.343629694668008;-0.128159474670511;-2.68126641086393;0.00733440995906585;0.0112235739194331
"TRIB2";0.93207102565321;-0.430374310426278;2.16572179861296;0.0303324522507687;0.042111310318841
"LSP1";-0.778575410610435;-0.158039415598333;-4.92646348800247;8.3731249669627e-07;2.04443208447094e-06
"ERN2";-2.25789631715321;-0.472071203322289;-4.78295710745084;1.72734995364928e-06;4.08737412526067e-06
"DAGLB";-0.627599405423682;-0.140552144483951;-4.46524247444225;7.99781212260273e-06;1.76418414263834e-05
"AKT3";-1.83165031595783;-0.177770225447854;-10.3034707378211;6.79640020874155e-25;6.65098347328777e-24
"CES4A";-1.21633532869474;-0.227989612903692;-5.33504712431153;9.55197467912507e-08;2.56709319501486e-07
"CACNA1I";-3.71246260843233;-0.684485850761204;-5.42372439737617;5.83698572072949e-08;1.60327593274887e-07
"VLDLR";1.04097990926511;-0.194861312491932;5.34215794789029;9.18465707455531e-08;2.47261579916561e-07
"C1orf141";-1.89374995001051;-0.633914533554996;-2.98739001832053;0.00281370513023944;0.00456027047285635
"ADAP1";-1.08519140721636;-0.357921335362149;-3.03192713035213;0.00242997857530118;0.00397270508902231
"PET112";1.37814411004103;-0.17721730694525;7.77657743364082;7.45129816917859e-15;3.72305807972027e-14
"COX19";-0.876896371448422;-0.193553179114481;-4.53051908245725;5.88389396257471e-06;1.31863768646576e-05
"VIPR1";-1.27618886909712;-0.299331648771131;-4.26346119542107;2.01284469333059e-05;4.2481616948714e-05
"CCDC88C";-1.04344156835392;-0.225603841316463;-4.62510550469859;3.74407771349131e-06;8.54295778929875e-06
"GCNT2";-2.07022855969508;-0.166412535671381;-12.4403402144128;1.57830234833611e-35;2.68389224776722e-34
"DPP10";-1.63867715090404;-0.435467877592156;-3.7630264715846;0.000167869424838953;0.00031815481342032
"FAT3";-2.44054427598966;-0.327806404750651;-7.44507807236434;9.68871039641899e-14;4.42666755075391e-13
"SHANK3";-1.16569769494984;-0.275352388045731;-4.23347588602077;2.30106865862739e-05;4.82751269992847e-05
"SSH2";-1.35953092848481;-0.102983267002413;-13.2014740652281;8.60348424973882e-40;1.81356820193455e-38
"TIAM1";-2.41537716100926;-0.207038006819353;-11.6663466680142;1.89382551046026e-31;2.62291030336275e-30
"TRPM1";-1.77356239004279;-0.463122395945761;-3.8295759513442;0.000128364261532703;0.000246644190061109
"ALDH1A2";-1.18604156284241;-0.541839874505255;-2.18891524719431;0.0286030006529459;0.0398707793256868
"SH3RF3";0.728902502789837;-0.273995376774035;2.66027299939066;0.00780773378927568;0.0118951010539389
"APBB2";-1.6670567566416;-0.288279209032495;-5.78278524572228;7.34738359603731e-09;2.2117582380845e-08
"PDE4D";0.347941620197322;-0.154665428710458;2.24964055056342;0.0244717721390198;0.0345063091450624
"ENPP5";-6.00493685611427;-0.921810730888842;-6.5142839575366;7.30372174151669e-11;2.62589812320626e-10
"TLE1";1.57670822737967;-0.140957439440321;11.1857042355485;4.79086782754863e-29;5.85463741675557e-28
"SLC15A3";-1.62135185861248;-0.251692021551326;-6.44180871773024;1.18058015023913e-10;4.16378472705529e-10
"SYCP1";-1.99881696507872;-0.782526336572278;-2.55431270701277;0.0106397653641968;0.0158772370553739
"SNTG1";-2.78122507792392;-0.600938560141213;-4.62813549070702;3.6897259859749e-06;8.42340065883294e-06
"FAM46C";0.939743905075305;-0.103138888512366;9.11144107358337;8.12948626890705e-20;5.7733415047267e-19
"STARD13";0.771591756860845;-0.190241427756536;4.05585558287704;4.99511171453843e-05;0.000100667030497646
"RNF219";1.84386169334369;-0.210193810201454;8.77219786622879;1.75212160740177e-18;1.14265631151394e-17
"CNRIP1";0.912445778722327;-0.219513729752608;4.15666837673731;3.22922199041679e-05;6.6644494052372e-05
"RIPPLY3";-2.77728535605765;-0.295819689549567;-9.38843983064992;6.08955568660349e-21;4.65229103695631e-20
"NSUN3";-0.75164648730756;-0.232339913634407;-3.23511563531997;0.0012159347528647;0.00207259420162574
"SCUBE3";-2.41434034356072;-0.308004512736201;-7.8386524993176;4.55406914430102e-15;2.31162243906925e-14
"LRRN4CL";-2.29519028356052;-0.390727421310471;-5.87414693307835;4.25026275015826e-09;1.30613581538013e-08
"LGMN";-2.75101058443821;-0.400236215781698;-6.873467407404;6.26598308774985e-12;2.46451520032095e-11
"MFI2";-1.20978159673501;-0.283157940213764;-4.27246220191358;1.93326331701067e-05;4.0904479675471e-05
"PRKCH";-0.769176875553879;-0.187218955411085;-4.10843482095583;3.98349590325856e-05;8.12196048952197e-05
"CNGB1";-2.08910747319395;-0.443975548136998;-4.70545614946639;2.53298948649442e-06;5.88629888350718e-06
"PSD4";0.387968603412503;-0.0993288189581763;3.90590170588722;9.38746681018163e-05;0.000183274558659377
"NARS2";1.52638102698158;-0.164288771161496;9.29084207149588;1.53072436742514e-20;1.13719432432192e-19
"MND1";2.59991869898054;-0.281811811333095;9.22572651118408;2.81645049873523e-20;2.05779898091913e-19
"ZNF462";2.66609235561645;-0.790951482693559;3.37074070148673;0.000749663833765371;0.00131273011938827
"IGDCC4";-2.75983804175269;-1.09508927925309;-2.52019455768487;0.0117289984281359;0.0174017483992727
"RCN1";1.41735482636929;-0.141097945055944;10.0451840443695;9.64674337879522e-24;8.78240739601721e-23
"RIN3";-0.979819315598757;-0.197408727999879;-4.96340423002655;6.92682047259802e-07;1.70214002293014e-06
"TGIF1";1.28145391619874;-0.126809715234035;10.1053291842328;5.23195634349924e-24;4.83206337605556e-23
"SEL1L3";-1.21661040561121;-0.22444537700905;-5.42051888893285;5.94262927288588e-08;1.63114862388366e-07
"SPON1";2.37057071636771;-0.708238132112566;3.34713793127272;0.000816505725613665;0.00142312829543682
"PRDM2";-1.28884398468573;-0.155724705798899;-8.27642587650881;1.2692745824316e-16;7.24225732126673e-16
"KCTD1";0.601901132806749;-0.121290754734209;4.96246506278016;6.96040895794009e-07;1.70966284418463e-06
"KAZN";-1.91209003017179;-0.292129752457416;-6.5453450533099;5.93581730455077e-11;2.15431062476045e-10
